{"coefficients": -2.8212674826885054, "intercept": 151.34381063636422}